index,fold,split
0,0,train
2,0,train
4,0,train
5,0,train
6,0,train
7,0,train
8,0,train
9,0,train
11,0,train
12,0,train
13,0,train
14,0,train
15,0,train
17,0,train
18,0,train
19,0,train
24,0,train
25,0,train
26,0,train
27,0,train
28,0,train
30,0,train
31,0,train
32,0,train
33,0,train
35,0,train
36,0,train
37,0,train
38,0,train
41,0,train
42,0,train
43,0,train
44,0,train
45,0,train
46,0,train
49,0,train
50,0,train
51,0,train
52,0,train
55,0,train
56,0,train
57,0,train
58,0,train
60,0,train
62,0,train
63,0,train
64,0,train
65,0,train
66,0,train
67,0,train
68,0,train
69,0,train
70,0,train
71,0,train
72,0,train
73,0,train
74,0,train
75,0,train
76,0,train
78,0,train
80,0,train
82,0,train
83,0,train
84,0,train
85,0,train
86,0,train
87,0,train
88,0,train
89,0,train
91,0,train
92,0,train
93,0,train
94,0,train
95,0,train
96,0,train
97,0,train
98,0,train
99,0,train
101,0,train
102,0,train
103,0,train
104,0,train
105,0,train
106,0,train
107,0,train
109,0,train
111,0,train
112,0,train
113,0,train
117,0,train
118,0,train
119,0,train
120,0,train
121,0,train
122,0,train
123,0,train
124,0,train
125,0,train
126,0,train
128,0,train
129,0,train
130,0,train
131,0,train
132,0,train
134,0,train
135,0,train
136,0,train
138,0,train
139,0,train
142,0,train
145,0,train
146,0,train
147,0,train
148,0,train
149,0,train
150,0,train
151,0,train
152,0,train
153,0,train
155,0,train
156,0,train
157,0,train
159,0,train
162,0,train
164,0,train
165,0,train
166,0,train
167,0,train
168,0,train
169,0,train
170,0,train
172,0,train
173,0,train
174,0,train
175,0,train
176,0,train
177,0,train
180,0,train
181,0,train
182,0,train
183,0,train
184,0,train
186,0,train
187,0,train
188,0,train
190,0,train
191,0,train
192,0,train
193,0,train
194,0,train
195,0,train
196,0,train
201,0,train
202,0,train
204,0,train
205,0,train
207,0,train
209,0,train
211,0,train
212,0,train
213,0,train
214,0,train
215,0,train
216,0,train
217,0,train
218,0,train
219,0,train
220,0,train
222,0,train
223,0,train
224,0,train
225,0,train
226,0,train
228,0,train
231,0,train
233,0,train
234,0,train
235,0,train
236,0,train
237,0,train
238,0,train
239,0,train
240,0,train
241,0,train
242,0,train
243,0,train
244,0,train
245,0,train
246,0,train
247,0,train
248,0,train
249,0,train
250,0,train
252,0,train
253,0,train
254,0,train
255,0,train
256,0,train
257,0,train
258,0,train
259,0,train
261,0,train
262,0,train
263,0,train
264,0,train
265,0,train
266,0,train
267,0,train
268,0,train
269,0,train
270,0,train
271,0,train
272,0,train
274,0,train
275,0,train
277,0,train
278,0,train
279,0,train
281,0,train
283,0,train
285,0,train
286,0,train
287,0,train
288,0,train
289,0,train
290,0,train
291,0,train
292,0,train
295,0,train
296,0,train
297,0,train
298,0,train
299,0,train
300,0,train
301,0,train
303,0,train
304,0,train
305,0,train
306,0,train
307,0,train
308,0,train
309,0,train
310,0,train
312,0,train
313,0,train
314,0,train
315,0,train
316,0,train
317,0,train
319,0,train
321,0,train
322,0,train
323,0,train
324,0,train
325,0,train
326,0,train
327,0,train
328,0,train
330,0,train
331,0,train
332,0,train
336,0,train
337,0,train
339,0,train
341,0,train
342,0,train
343,0,train
344,0,train
345,0,train
346,0,train
347,0,train
349,0,train
350,0,train
351,0,train
353,0,train
355,0,train
357,0,train
360,0,train
361,0,train
362,0,train
363,0,train
364,0,train
365,0,train
366,0,train
367,0,train
370,0,train
371,0,train
372,0,train
373,0,train
374,0,train
375,0,train
376,0,train
377,0,train
378,0,train
379,0,train
380,0,train
381,0,train
382,0,train
383,0,train
384,0,train
386,0,train
387,0,train
388,0,train
389,0,train
390,0,train
391,0,train
392,0,train
395,0,train
397,0,train
398,0,train
400,0,train
401,0,train
402,0,train
403,0,train
404,0,train
405,0,train
406,0,train
407,0,train
408,0,train
409,0,train
410,0,train
412,0,train
414,0,train
415,0,train
416,0,train
417,0,train
418,0,train
420,0,train
421,0,train
422,0,train
423,0,train
424,0,train
425,0,train
426,0,train
427,0,train
428,0,train
431,0,train
432,0,train
433,0,train
434,0,train
435,0,train
436,0,train
438,0,train
439,0,train
440,0,train
441,0,train
442,0,train
443,0,train
444,0,train
447,0,train
448,0,train
451,0,train
452,0,train
455,0,train
456,0,train
457,0,train
458,0,train
459,0,train
461,0,train
462,0,train
463,0,train
464,0,train
465,0,train
466,0,train
468,0,train
469,0,train
470,0,train
472,0,train
474,0,train
475,0,train
478,0,train
481,0,train
482,0,train
484,0,train
485,0,train
486,0,train
487,0,train
488,0,train
490,0,train
491,0,train
494,0,train
496,0,train
498,0,train
500,0,train
501,0,train
502,0,train
503,0,train
504,0,train
505,0,train
506,0,train
507,0,train
508,0,train
509,0,train
510,0,train
511,0,train
512,0,train
513,0,train
516,0,train
519,0,train
520,0,train
521,0,train
522,0,train
523,0,train
524,0,train
525,0,train
526,0,train
527,0,train
528,0,train
529,0,train
530,0,train
531,0,train
532,0,train
533,0,train
534,0,train
535,0,train
536,0,train
537,0,train
538,0,train
539,0,train
540,0,train
541,0,train
542,0,train
543,0,train
545,0,train
547,0,train
548,0,train
549,0,train
551,0,train
552,0,train
553,0,train
554,0,train
555,0,train
556,0,train
557,0,train
558,0,train
560,0,train
561,0,train
562,0,train
563,0,train
564,0,train
565,0,train
566,0,train
567,0,train
568,0,train
569,0,train
570,0,train
571,0,train
572,0,train
573,0,train
574,0,train
575,0,train
576,0,train
577,0,train
578,0,train
579,0,train
580,0,train
581,0,train
582,0,train
583,0,train
584,0,train
585,0,train
587,0,train
588,0,train
589,0,train
590,0,train
592,0,train
593,0,train
595,0,train
596,0,train
597,0,train
598,0,train
599,0,train
600,0,train
601,0,train
602,0,train
604,0,train
605,0,train
606,0,train
607,0,train
608,0,train
609,0,train
610,0,train
611,0,train
612,0,train
613,0,train
614,0,train
615,0,train
616,0,train
617,0,train
618,0,train
619,0,train
620,0,train
621,0,train
622,0,train
623,0,train
624,0,train
625,0,train
626,0,train
627,0,train
628,0,train
629,0,train
630,0,train
631,0,train
632,0,train
634,0,train
636,0,train
637,0,train
638,0,train
639,0,train
640,0,train
641,0,train
642,0,train
644,0,train
645,0,train
646,0,train
648,0,train
649,0,train
652,0,train
653,0,train
654,0,train
655,0,train
657,0,train
659,0,train
660,0,train
661,0,train
663,0,train
664,0,train
666,0,train
667,0,train
668,0,train
669,0,train
670,0,train
672,0,train
673,0,train
676,0,train
677,0,train
678,0,train
679,0,train
680,0,train
681,0,train
682,0,train
683,0,train
684,0,train
685,0,train
686,0,train
687,0,train
688,0,train
689,0,train
691,0,train
692,0,train
693,0,train
694,0,train
695,0,train
696,0,train
697,0,train
698,0,train
700,0,train
702,0,train
703,0,train
704,0,train
705,0,train
706,0,train
707,0,train
708,0,train
710,0,train
711,0,train
712,0,train
713,0,train
714,0,train
715,0,train
716,0,train
717,0,train
718,0,train
720,0,train
721,0,train
723,0,train
724,0,train
725,0,train
727,0,train
728,0,train
729,0,train
730,0,train
731,0,train
732,0,train
733,0,train
734,0,train
735,0,train
736,0,train
737,0,train
738,0,train
739,0,train
741,0,train
742,0,train
743,0,train
744,0,train
745,0,train
747,0,train
748,0,train
749,0,train
750,0,train
751,0,train
752,0,train
753,0,train
754,0,train
755,0,train
756,0,train
757,0,train
759,0,train
760,0,train
762,0,train
763,0,train
1,0,test
3,0,test
10,0,test
16,0,test
20,0,test
21,0,test
22,0,test
23,0,test
29,0,test
34,0,test
39,0,test
40,0,test
47,0,test
48,0,test
53,0,test
54,0,test
59,0,test
61,0,test
77,0,test
79,0,test
81,0,test
90,0,test
100,0,test
108,0,test
110,0,test
114,0,test
115,0,test
116,0,test
127,0,test
133,0,test
137,0,test
140,0,test
141,0,test
143,0,test
144,0,test
154,0,test
158,0,test
160,0,test
161,0,test
163,0,test
171,0,test
178,0,test
179,0,test
185,0,test
189,0,test
197,0,test
198,0,test
199,0,test
200,0,test
203,0,test
206,0,test
208,0,test
210,0,test
221,0,test
227,0,test
229,0,test
230,0,test
232,0,test
251,0,test
260,0,test
273,0,test
276,0,test
280,0,test
282,0,test
284,0,test
293,0,test
294,0,test
302,0,test
311,0,test
318,0,test
320,0,test
329,0,test
333,0,test
334,0,test
335,0,test
338,0,test
340,0,test
348,0,test
352,0,test
354,0,test
356,0,test
358,0,test
359,0,test
368,0,test
369,0,test
385,0,test
393,0,test
394,0,test
396,0,test
399,0,test
411,0,test
413,0,test
419,0,test
429,0,test
430,0,test
437,0,test
445,0,test
446,0,test
449,0,test
450,0,test
453,0,test
454,0,test
460,0,test
467,0,test
471,0,test
473,0,test
476,0,test
477,0,test
479,0,test
480,0,test
483,0,test
489,0,test
492,0,test
493,0,test
495,0,test
497,0,test
499,0,test
514,0,test
515,0,test
517,0,test
518,0,test
544,0,test
546,0,test
550,0,test
559,0,test
586,0,test
591,0,test
594,0,test
603,0,test
633,0,test
635,0,test
643,0,test
647,0,test
650,0,test
651,0,test
656,0,test
658,0,test
662,0,test
665,0,test
671,0,test
674,0,test
675,0,test
690,0,test
699,0,test
701,0,test
709,0,test
719,0,test
722,0,test
726,0,test
740,0,test
746,0,test
758,0,test
761,0,test
0,1,train
1,1,train
2,1,train
3,1,train
4,1,train
5,1,train
6,1,train
8,1,train
10,1,train
11,1,train
12,1,train
14,1,train
15,1,train
16,1,train
17,1,train
18,1,train
19,1,train
20,1,train
21,1,train
22,1,train
23,1,train
27,1,train
28,1,train
29,1,train
30,1,train
32,1,train
33,1,train
34,1,train
36,1,train
37,1,train
39,1,train
40,1,train
41,1,train
42,1,train
43,1,train
44,1,train
47,1,train
48,1,train
49,1,train
51,1,train
53,1,train
54,1,train
55,1,train
56,1,train
58,1,train
59,1,train
60,1,train
61,1,train
63,1,train
64,1,train
65,1,train
66,1,train
67,1,train
68,1,train
69,1,train
70,1,train
72,1,train
73,1,train
74,1,train
76,1,train
77,1,train
78,1,train
79,1,train
80,1,train
81,1,train
83,1,train
85,1,train
86,1,train
87,1,train
89,1,train
90,1,train
92,1,train
93,1,train
94,1,train
95,1,train
97,1,train
98,1,train
100,1,train
101,1,train
102,1,train
104,1,train
106,1,train
107,1,train
108,1,train
109,1,train
110,1,train
111,1,train
112,1,train
113,1,train
114,1,train
115,1,train
116,1,train
117,1,train
118,1,train
119,1,train
123,1,train
124,1,train
125,1,train
126,1,train
127,1,train
128,1,train
129,1,train
130,1,train
131,1,train
132,1,train
133,1,train
134,1,train
136,1,train
137,1,train
138,1,train
139,1,train
140,1,train
141,1,train
142,1,train
143,1,train
144,1,train
145,1,train
150,1,train
151,1,train
152,1,train
153,1,train
154,1,train
155,1,train
157,1,train
158,1,train
159,1,train
160,1,train
161,1,train
162,1,train
163,1,train
165,1,train
166,1,train
167,1,train
168,1,train
169,1,train
171,1,train
172,1,train
173,1,train
174,1,train
175,1,train
176,1,train
177,1,train
178,1,train
179,1,train
180,1,train
181,1,train
182,1,train
183,1,train
185,1,train
186,1,train
187,1,train
188,1,train
189,1,train
190,1,train
193,1,train
194,1,train
195,1,train
196,1,train
197,1,train
198,1,train
199,1,train
200,1,train
201,1,train
202,1,train
203,1,train
204,1,train
205,1,train
206,1,train
207,1,train
208,1,train
209,1,train
210,1,train
211,1,train
212,1,train
213,1,train
214,1,train
215,1,train
216,1,train
218,1,train
220,1,train
221,1,train
223,1,train
224,1,train
225,1,train
226,1,train
227,1,train
228,1,train
229,1,train
230,1,train
231,1,train
232,1,train
233,1,train
234,1,train
235,1,train
236,1,train
237,1,train
238,1,train
240,1,train
241,1,train
242,1,train
243,1,train
244,1,train
245,1,train
246,1,train
247,1,train
250,1,train
251,1,train
252,1,train
253,1,train
254,1,train
255,1,train
256,1,train
257,1,train
258,1,train
259,1,train
260,1,train
261,1,train
262,1,train
263,1,train
264,1,train
265,1,train
266,1,train
267,1,train
270,1,train
271,1,train
272,1,train
273,1,train
274,1,train
275,1,train
276,1,train
278,1,train
279,1,train
280,1,train
282,1,train
283,1,train
284,1,train
285,1,train
287,1,train
290,1,train
292,1,train
293,1,train
294,1,train
295,1,train
296,1,train
297,1,train
299,1,train
300,1,train
301,1,train
302,1,train
304,1,train
305,1,train
306,1,train
307,1,train
308,1,train
309,1,train
311,1,train
315,1,train
317,1,train
318,1,train
319,1,train
320,1,train
321,1,train
324,1,train
325,1,train
326,1,train
327,1,train
329,1,train
330,1,train
332,1,train
333,1,train
334,1,train
335,1,train
337,1,train
338,1,train
339,1,train
340,1,train
341,1,train
342,1,train
343,1,train
344,1,train
345,1,train
348,1,train
350,1,train
351,1,train
352,1,train
353,1,train
354,1,train
355,1,train
356,1,train
357,1,train
358,1,train
359,1,train
361,1,train
362,1,train
364,1,train
365,1,train
366,1,train
368,1,train
369,1,train
370,1,train
371,1,train
374,1,train
375,1,train
376,1,train
377,1,train
379,1,train
380,1,train
381,1,train
383,1,train
384,1,train
385,1,train
387,1,train
388,1,train
390,1,train
391,1,train
392,1,train
393,1,train
394,1,train
395,1,train
396,1,train
397,1,train
398,1,train
399,1,train
400,1,train
402,1,train
403,1,train
404,1,train
406,1,train
407,1,train
408,1,train
409,1,train
410,1,train
411,1,train
412,1,train
413,1,train
415,1,train
416,1,train
418,1,train
419,1,train
420,1,train
421,1,train
423,1,train
424,1,train
425,1,train
428,1,train
429,1,train
430,1,train
432,1,train
433,1,train
434,1,train
435,1,train
436,1,train
437,1,train
438,1,train
439,1,train
441,1,train
444,1,train
445,1,train
446,1,train
447,1,train
448,1,train
449,1,train
450,1,train
451,1,train
452,1,train
453,1,train
454,1,train
455,1,train
456,1,train
457,1,train
458,1,train
459,1,train
460,1,train
461,1,train
462,1,train
463,1,train
464,1,train
465,1,train
467,1,train
468,1,train
469,1,train
470,1,train
471,1,train
473,1,train
474,1,train
475,1,train
476,1,train
477,1,train
478,1,train
479,1,train
480,1,train
481,1,train
482,1,train
483,1,train
484,1,train
485,1,train
487,1,train
488,1,train
489,1,train
490,1,train
491,1,train
492,1,train
493,1,train
494,1,train
495,1,train
497,1,train
498,1,train
499,1,train
501,1,train
503,1,train
504,1,train
505,1,train
506,1,train
507,1,train
509,1,train
512,1,train
513,1,train
514,1,train
515,1,train
517,1,train
518,1,train
519,1,train
520,1,train
521,1,train
522,1,train
523,1,train
524,1,train
525,1,train
526,1,train
527,1,train
528,1,train
529,1,train
530,1,train
532,1,train
534,1,train
535,1,train
537,1,train
538,1,train
540,1,train
541,1,train
542,1,train
543,1,train
544,1,train
545,1,train
546,1,train
548,1,train
549,1,train
550,1,train
552,1,train
553,1,train
554,1,train
556,1,train
557,1,train
559,1,train
560,1,train
561,1,train
562,1,train
564,1,train
566,1,train
567,1,train
569,1,train
572,1,train
573,1,train
575,1,train
576,1,train
577,1,train
579,1,train
580,1,train
581,1,train
582,1,train
583,1,train
584,1,train
585,1,train
586,1,train
587,1,train
589,1,train
590,1,train
591,1,train
592,1,train
594,1,train
595,1,train
596,1,train
598,1,train
600,1,train
601,1,train
602,1,train
603,1,train
604,1,train
606,1,train
607,1,train
609,1,train
610,1,train
611,1,train
612,1,train
613,1,train
614,1,train
615,1,train
616,1,train
617,1,train
619,1,train
620,1,train
621,1,train
624,1,train
625,1,train
626,1,train
627,1,train
628,1,train
630,1,train
631,1,train
632,1,train
633,1,train
635,1,train
636,1,train
638,1,train
639,1,train
642,1,train
643,1,train
644,1,train
645,1,train
646,1,train
647,1,train
649,1,train
650,1,train
651,1,train
652,1,train
653,1,train
656,1,train
657,1,train
658,1,train
660,1,train
661,1,train
662,1,train
663,1,train
664,1,train
665,1,train
666,1,train
667,1,train
670,1,train
671,1,train
673,1,train
674,1,train
675,1,train
676,1,train
677,1,train
678,1,train
679,1,train
681,1,train
682,1,train
683,1,train
684,1,train
685,1,train
687,1,train
689,1,train
690,1,train
691,1,train
692,1,train
693,1,train
695,1,train
696,1,train
697,1,train
699,1,train
700,1,train
701,1,train
702,1,train
705,1,train
706,1,train
709,1,train
711,1,train
712,1,train
713,1,train
714,1,train
715,1,train
716,1,train
717,1,train
718,1,train
719,1,train
720,1,train
721,1,train
722,1,train
724,1,train
725,1,train
726,1,train
727,1,train
728,1,train
729,1,train
730,1,train
731,1,train
734,1,train
736,1,train
739,1,train
740,1,train
742,1,train
743,1,train
745,1,train
746,1,train
748,1,train
749,1,train
750,1,train
751,1,train
752,1,train
753,1,train
754,1,train
755,1,train
756,1,train
757,1,train
758,1,train
759,1,train
760,1,train
761,1,train
762,1,train
763,1,train
7,1,test
9,1,test
13,1,test
24,1,test
25,1,test
26,1,test
31,1,test
35,1,test
38,1,test
45,1,test
46,1,test
50,1,test
52,1,test
57,1,test
62,1,test
71,1,test
75,1,test
82,1,test
84,1,test
88,1,test
91,1,test
96,1,test
99,1,test
103,1,test
105,1,test
120,1,test
121,1,test
122,1,test
135,1,test
146,1,test
147,1,test
148,1,test
149,1,test
156,1,test
164,1,test
170,1,test
184,1,test
191,1,test
192,1,test
217,1,test
219,1,test
222,1,test
239,1,test
248,1,test
249,1,test
268,1,test
269,1,test
277,1,test
281,1,test
286,1,test
288,1,test
289,1,test
291,1,test
298,1,test
303,1,test
310,1,test
312,1,test
313,1,test
314,1,test
316,1,test
322,1,test
323,1,test
328,1,test
331,1,test
336,1,test
346,1,test
347,1,test
349,1,test
360,1,test
363,1,test
367,1,test
372,1,test
373,1,test
378,1,test
382,1,test
386,1,test
389,1,test
401,1,test
405,1,test
414,1,test
417,1,test
422,1,test
426,1,test
427,1,test
431,1,test
440,1,test
442,1,test
443,1,test
466,1,test
472,1,test
486,1,test
496,1,test
500,1,test
502,1,test
508,1,test
510,1,test
511,1,test
516,1,test
531,1,test
533,1,test
536,1,test
539,1,test
547,1,test
551,1,test
555,1,test
558,1,test
563,1,test
565,1,test
568,1,test
570,1,test
571,1,test
574,1,test
578,1,test
588,1,test
593,1,test
597,1,test
599,1,test
605,1,test
608,1,test
618,1,test
622,1,test
623,1,test
629,1,test
634,1,test
637,1,test
640,1,test
641,1,test
648,1,test
654,1,test
655,1,test
659,1,test
668,1,test
669,1,test
672,1,test
680,1,test
686,1,test
688,1,test
694,1,test
698,1,test
703,1,test
704,1,test
707,1,test
708,1,test
710,1,test
723,1,test
732,1,test
733,1,test
735,1,test
737,1,test
738,1,test
741,1,test
744,1,test
747,1,test
0,2,train
1,2,train
2,2,train
3,2,train
4,2,train
5,2,train
6,2,train
7,2,train
8,2,train
9,2,train
10,2,train
11,2,train
12,2,train
13,2,train
16,2,train
17,2,train
19,2,train
20,2,train
21,2,train
22,2,train
23,2,train
24,2,train
25,2,train
26,2,train
27,2,train
28,2,train
29,2,train
31,2,train
32,2,train
34,2,train
35,2,train
36,2,train
37,2,train
38,2,train
39,2,train
40,2,train
41,2,train
42,2,train
43,2,train
45,2,train
46,2,train
47,2,train
48,2,train
49,2,train
50,2,train
51,2,train
52,2,train
53,2,train
54,2,train
57,2,train
59,2,train
60,2,train
61,2,train
62,2,train
63,2,train
65,2,train
67,2,train
68,2,train
70,2,train
71,2,train
72,2,train
74,2,train
75,2,train
76,2,train
77,2,train
79,2,train
80,2,train
81,2,train
82,2,train
83,2,train
84,2,train
85,2,train
86,2,train
87,2,train
88,2,train
89,2,train
90,2,train
91,2,train
92,2,train
94,2,train
95,2,train
96,2,train
98,2,train
99,2,train
100,2,train
103,2,train
104,2,train
105,2,train
107,2,train
108,2,train
110,2,train
114,2,train
115,2,train
116,2,train
120,2,train
121,2,train
122,2,train
123,2,train
124,2,train
126,2,train
127,2,train
129,2,train
130,2,train
132,2,train
133,2,train
134,2,train
135,2,train
137,2,train
139,2,train
140,2,train
141,2,train
142,2,train
143,2,train
144,2,train
146,2,train
147,2,train
148,2,train
149,2,train
150,2,train
154,2,train
156,2,train
158,2,train
159,2,train
160,2,train
161,2,train
163,2,train
164,2,train
166,2,train
167,2,train
168,2,train
169,2,train
170,2,train
171,2,train
172,2,train
174,2,train
176,2,train
178,2,train
179,2,train
181,2,train
182,2,train
183,2,train
184,2,train
185,2,train
186,2,train
187,2,train
189,2,train
190,2,train
191,2,train
192,2,train
193,2,train
194,2,train
195,2,train
196,2,train
197,2,train
198,2,train
199,2,train
200,2,train
201,2,train
202,2,train
203,2,train
204,2,train
205,2,train
206,2,train
207,2,train
208,2,train
209,2,train
210,2,train
211,2,train
212,2,train
213,2,train
215,2,train
217,2,train
218,2,train
219,2,train
221,2,train
222,2,train
225,2,train
226,2,train
227,2,train
228,2,train
229,2,train
230,2,train
231,2,train
232,2,train
233,2,train
234,2,train
236,2,train
238,2,train
239,2,train
243,2,train
244,2,train
245,2,train
247,2,train
248,2,train
249,2,train
251,2,train
254,2,train
256,2,train
257,2,train
259,2,train
260,2,train
262,2,train
263,2,train
264,2,train
265,2,train
266,2,train
267,2,train
268,2,train
269,2,train
270,2,train
271,2,train
272,2,train
273,2,train
276,2,train
277,2,train
278,2,train
279,2,train
280,2,train
281,2,train
282,2,train
283,2,train
284,2,train
285,2,train
286,2,train
288,2,train
289,2,train
290,2,train
291,2,train
292,2,train
293,2,train
294,2,train
297,2,train
298,2,train
302,2,train
303,2,train
304,2,train
305,2,train
307,2,train
308,2,train
309,2,train
310,2,train
311,2,train
312,2,train
313,2,train
314,2,train
316,2,train
318,2,train
319,2,train
320,2,train
321,2,train
322,2,train
323,2,train
324,2,train
325,2,train
328,2,train
329,2,train
330,2,train
331,2,train
333,2,train
334,2,train
335,2,train
336,2,train
337,2,train
338,2,train
339,2,train
340,2,train
341,2,train
342,2,train
343,2,train
345,2,train
346,2,train
347,2,train
348,2,train
349,2,train
350,2,train
351,2,train
352,2,train
353,2,train
354,2,train
355,2,train
356,2,train
357,2,train
358,2,train
359,2,train
360,2,train
361,2,train
362,2,train
363,2,train
365,2,train
367,2,train
368,2,train
369,2,train
370,2,train
372,2,train
373,2,train
376,2,train
377,2,train
378,2,train
381,2,train
382,2,train
383,2,train
385,2,train
386,2,train
387,2,train
388,2,train
389,2,train
390,2,train
391,2,train
392,2,train
393,2,train
394,2,train
395,2,train
396,2,train
397,2,train
398,2,train
399,2,train
400,2,train
401,2,train
402,2,train
403,2,train
404,2,train
405,2,train
406,2,train
409,2,train
410,2,train
411,2,train
413,2,train
414,2,train
415,2,train
416,2,train
417,2,train
419,2,train
420,2,train
421,2,train
422,2,train
424,2,train
426,2,train
427,2,train
429,2,train
430,2,train
431,2,train
432,2,train
433,2,train
434,2,train
436,2,train
437,2,train
438,2,train
439,2,train
440,2,train
442,2,train
443,2,train
444,2,train
445,2,train
446,2,train
448,2,train
449,2,train
450,2,train
451,2,train
453,2,train
454,2,train
455,2,train
456,2,train
457,2,train
459,2,train
460,2,train
462,2,train
463,2,train
464,2,train
466,2,train
467,2,train
468,2,train
469,2,train
470,2,train
471,2,train
472,2,train
473,2,train
474,2,train
475,2,train
476,2,train
477,2,train
478,2,train
479,2,train
480,2,train
481,2,train
482,2,train
483,2,train
486,2,train
487,2,train
488,2,train
489,2,train
490,2,train
491,2,train
492,2,train
493,2,train
495,2,train
496,2,train
497,2,train
499,2,train
500,2,train
502,2,train
503,2,train
506,2,train
507,2,train
508,2,train
510,2,train
511,2,train
512,2,train
513,2,train
514,2,train
515,2,train
516,2,train
517,2,train
518,2,train
519,2,train
520,2,train
523,2,train
527,2,train
528,2,train
529,2,train
530,2,train
531,2,train
532,2,train
533,2,train
534,2,train
536,2,train
537,2,train
538,2,train
539,2,train
541,2,train
542,2,train
543,2,train
544,2,train
545,2,train
546,2,train
547,2,train
548,2,train
549,2,train
550,2,train
551,2,train
552,2,train
553,2,train
554,2,train
555,2,train
557,2,train
558,2,train
559,2,train
560,2,train
562,2,train
563,2,train
564,2,train
565,2,train
566,2,train
567,2,train
568,2,train
570,2,train
571,2,train
572,2,train
573,2,train
574,2,train
575,2,train
576,2,train
577,2,train
578,2,train
581,2,train
582,2,train
583,2,train
585,2,train
586,2,train
587,2,train
588,2,train
589,2,train
590,2,train
591,2,train
593,2,train
594,2,train
595,2,train
597,2,train
598,2,train
599,2,train
600,2,train
601,2,train
602,2,train
603,2,train
604,2,train
605,2,train
607,2,train
608,2,train
610,2,train
613,2,train
614,2,train
615,2,train
617,2,train
618,2,train
620,2,train
621,2,train
622,2,train
623,2,train
624,2,train
625,2,train
627,2,train
628,2,train
629,2,train
630,2,train
631,2,train
632,2,train
633,2,train
634,2,train
635,2,train
636,2,train
637,2,train
638,2,train
640,2,train
641,2,train
642,2,train
643,2,train
645,2,train
647,2,train
648,2,train
649,2,train
650,2,train
651,2,train
653,2,train
654,2,train
655,2,train
656,2,train
657,2,train
658,2,train
659,2,train
660,2,train
662,2,train
664,2,train
665,2,train
666,2,train
667,2,train
668,2,train
669,2,train
670,2,train
671,2,train
672,2,train
673,2,train
674,2,train
675,2,train
676,2,train
680,2,train
683,2,train
684,2,train
685,2,train
686,2,train
687,2,train
688,2,train
690,2,train
691,2,train
692,2,train
693,2,train
694,2,train
695,2,train
696,2,train
697,2,train
698,2,train
699,2,train
700,2,train
701,2,train
702,2,train
703,2,train
704,2,train
707,2,train
708,2,train
709,2,train
710,2,train
712,2,train
713,2,train
716,2,train
717,2,train
719,2,train
720,2,train
721,2,train
722,2,train
723,2,train
724,2,train
725,2,train
726,2,train
728,2,train
729,2,train
730,2,train
731,2,train
732,2,train
733,2,train
734,2,train
735,2,train
736,2,train
737,2,train
738,2,train
740,2,train
741,2,train
742,2,train
743,2,train
744,2,train
745,2,train
746,2,train
747,2,train
748,2,train
749,2,train
750,2,train
751,2,train
753,2,train
756,2,train
757,2,train
758,2,train
760,2,train
761,2,train
763,2,train
14,2,test
15,2,test
18,2,test
30,2,test
33,2,test
44,2,test
55,2,test
56,2,test
58,2,test
64,2,test
66,2,test
69,2,test
73,2,test
78,2,test
93,2,test
97,2,test
101,2,test
102,2,test
106,2,test
109,2,test
111,2,test
112,2,test
113,2,test
117,2,test
118,2,test
119,2,test
125,2,test
128,2,test
131,2,test
136,2,test
138,2,test
145,2,test
151,2,test
152,2,test
153,2,test
155,2,test
157,2,test
162,2,test
165,2,test
173,2,test
175,2,test
177,2,test
180,2,test
188,2,test
214,2,test
216,2,test
220,2,test
223,2,test
224,2,test
235,2,test
237,2,test
240,2,test
241,2,test
242,2,test
246,2,test
250,2,test
252,2,test
253,2,test
255,2,test
258,2,test
261,2,test
274,2,test
275,2,test
287,2,test
295,2,test
296,2,test
299,2,test
300,2,test
301,2,test
306,2,test
315,2,test
317,2,test
326,2,test
327,2,test
332,2,test
344,2,test
364,2,test
366,2,test
371,2,test
374,2,test
375,2,test
379,2,test
380,2,test
384,2,test
407,2,test
408,2,test
412,2,test
418,2,test
423,2,test
425,2,test
428,2,test
435,2,test
441,2,test
447,2,test
452,2,test
458,2,test
461,2,test
465,2,test
484,2,test
485,2,test
494,2,test
498,2,test
501,2,test
504,2,test
505,2,test
509,2,test
521,2,test
522,2,test
524,2,test
525,2,test
526,2,test
535,2,test
540,2,test
556,2,test
561,2,test
569,2,test
579,2,test
580,2,test
584,2,test
592,2,test
596,2,test
606,2,test
609,2,test
611,2,test
612,2,test
616,2,test
619,2,test
626,2,test
639,2,test
644,2,test
646,2,test
652,2,test
661,2,test
663,2,test
677,2,test
678,2,test
679,2,test
681,2,test
682,2,test
689,2,test
705,2,test
706,2,test
711,2,test
714,2,test
715,2,test
718,2,test
727,2,test
739,2,test
752,2,test
754,2,test
755,2,test
759,2,test
762,2,test
0,3,train
1,3,train
3,3,train
4,3,train
5,3,train
6,3,train
7,3,train
9,3,train
10,3,train
11,3,train
13,3,train
14,3,train
15,3,train
16,3,train
18,3,train
20,3,train
21,3,train
22,3,train
23,3,train
24,3,train
25,3,train
26,3,train
29,3,train
30,3,train
31,3,train
32,3,train
33,3,train
34,3,train
35,3,train
38,3,train
39,3,train
40,3,train
44,3,train
45,3,train
46,3,train
47,3,train
48,3,train
50,3,train
51,3,train
52,3,train
53,3,train
54,3,train
55,3,train
56,3,train
57,3,train
58,3,train
59,3,train
61,3,train
62,3,train
63,3,train
64,3,train
66,3,train
67,3,train
68,3,train
69,3,train
70,3,train
71,3,train
72,3,train
73,3,train
75,3,train
76,3,train
77,3,train
78,3,train
79,3,train
81,3,train
82,3,train
84,3,train
86,3,train
87,3,train
88,3,train
89,3,train
90,3,train
91,3,train
93,3,train
94,3,train
95,3,train
96,3,train
97,3,train
99,3,train
100,3,train
101,3,train
102,3,train
103,3,train
104,3,train
105,3,train
106,3,train
108,3,train
109,3,train
110,3,train
111,3,train
112,3,train
113,3,train
114,3,train
115,3,train
116,3,train
117,3,train
118,3,train
119,3,train
120,3,train
121,3,train
122,3,train
123,3,train
125,3,train
126,3,train
127,3,train
128,3,train
129,3,train
130,3,train
131,3,train
133,3,train
134,3,train
135,3,train
136,3,train
137,3,train
138,3,train
140,3,train
141,3,train
143,3,train
144,3,train
145,3,train
146,3,train
147,3,train
148,3,train
149,3,train
151,3,train
152,3,train
153,3,train
154,3,train
155,3,train
156,3,train
157,3,train
158,3,train
159,3,train
160,3,train
161,3,train
162,3,train
163,3,train
164,3,train
165,3,train
166,3,train
170,3,train
171,3,train
172,3,train
173,3,train
174,3,train
175,3,train
176,3,train
177,3,train
178,3,train
179,3,train
180,3,train
182,3,train
183,3,train
184,3,train
185,3,train
188,3,train
189,3,train
190,3,train
191,3,train
192,3,train
197,3,train
198,3,train
199,3,train
200,3,train
202,3,train
203,3,train
205,3,train
206,3,train
208,3,train
210,3,train
211,3,train
212,3,train
214,3,train
215,3,train
216,3,train
217,3,train
219,3,train
220,3,train
221,3,train
222,3,train
223,3,train
224,3,train
226,3,train
227,3,train
229,3,train
230,3,train
231,3,train
232,3,train
233,3,train
235,3,train
237,3,train
238,3,train
239,3,train
240,3,train
241,3,train
242,3,train
246,3,train
248,3,train
249,3,train
250,3,train
251,3,train
252,3,train
253,3,train
255,3,train
256,3,train
258,3,train
259,3,train
260,3,train
261,3,train
263,3,train
265,3,train
267,3,train
268,3,train
269,3,train
270,3,train
271,3,train
272,3,train
273,3,train
274,3,train
275,3,train
276,3,train
277,3,train
279,3,train
280,3,train
281,3,train
282,3,train
284,3,train
285,3,train
286,3,train
287,3,train
288,3,train
289,3,train
290,3,train
291,3,train
292,3,train
293,3,train
294,3,train
295,3,train
296,3,train
298,3,train
299,3,train
300,3,train
301,3,train
302,3,train
303,3,train
304,3,train
306,3,train
307,3,train
310,3,train
311,3,train
312,3,train
313,3,train
314,3,train
315,3,train
316,3,train
317,3,train
318,3,train
319,3,train
320,3,train
322,3,train
323,3,train
325,3,train
326,3,train
327,3,train
328,3,train
329,3,train
330,3,train
331,3,train
332,3,train
333,3,train
334,3,train
335,3,train
336,3,train
338,3,train
340,3,train
342,3,train
344,3,train
346,3,train
347,3,train
348,3,train
349,3,train
352,3,train
353,3,train
354,3,train
356,3,train
357,3,train
358,3,train
359,3,train
360,3,train
362,3,train
363,3,train
364,3,train
365,3,train
366,3,train
367,3,train
368,3,train
369,3,train
370,3,train
371,3,train
372,3,train
373,3,train
374,3,train
375,3,train
378,3,train
379,3,train
380,3,train
381,3,train
382,3,train
383,3,train
384,3,train
385,3,train
386,3,train
388,3,train
389,3,train
392,3,train
393,3,train
394,3,train
396,3,train
398,3,train
399,3,train
401,3,train
402,3,train
403,3,train
405,3,train
407,3,train
408,3,train
411,3,train
412,3,train
413,3,train
414,3,train
415,3,train
416,3,train
417,3,train
418,3,train
419,3,train
420,3,train
421,3,train
422,3,train
423,3,train
425,3,train
426,3,train
427,3,train
428,3,train
429,3,train
430,3,train
431,3,train
433,3,train
435,3,train
436,3,train
437,3,train
438,3,train
440,3,train
441,3,train
442,3,train
443,3,train
444,3,train
445,3,train
446,3,train
447,3,train
448,3,train
449,3,train
450,3,train
451,3,train
452,3,train
453,3,train
454,3,train
455,3,train
457,3,train
458,3,train
459,3,train
460,3,train
461,3,train
463,3,train
465,3,train
466,3,train
467,3,train
469,3,train
471,3,train
472,3,train
473,3,train
474,3,train
475,3,train
476,3,train
477,3,train
478,3,train
479,3,train
480,3,train
482,3,train
483,3,train
484,3,train
485,3,train
486,3,train
487,3,train
488,3,train
489,3,train
491,3,train
492,3,train
493,3,train
494,3,train
495,3,train
496,3,train
497,3,train
498,3,train
499,3,train
500,3,train
501,3,train
502,3,train
503,3,train
504,3,train
505,3,train
508,3,train
509,3,train
510,3,train
511,3,train
513,3,train
514,3,train
515,3,train
516,3,train
517,3,train
518,3,train
519,3,train
521,3,train
522,3,train
524,3,train
525,3,train
526,3,train
528,3,train
531,3,train
532,3,train
533,3,train
534,3,train
535,3,train
536,3,train
537,3,train
538,3,train
539,3,train
540,3,train
543,3,train
544,3,train
545,3,train
546,3,train
547,3,train
549,3,train
550,3,train
551,3,train
552,3,train
553,3,train
555,3,train
556,3,train
558,3,train
559,3,train
560,3,train
561,3,train
562,3,train
563,3,train
565,3,train
566,3,train
567,3,train
568,3,train
569,3,train
570,3,train
571,3,train
573,3,train
574,3,train
578,3,train
579,3,train
580,3,train
582,3,train
583,3,train
584,3,train
585,3,train
586,3,train
587,3,train
588,3,train
589,3,train
591,3,train
592,3,train
593,3,train
594,3,train
595,3,train
596,3,train
597,3,train
598,3,train
599,3,train
600,3,train
603,3,train
604,3,train
605,3,train
606,3,train
607,3,train
608,3,train
609,3,train
610,3,train
611,3,train
612,3,train
614,3,train
615,3,train
616,3,train
617,3,train
618,3,train
619,3,train
622,3,train
623,3,train
626,3,train
628,3,train
629,3,train
630,3,train
632,3,train
633,3,train
634,3,train
635,3,train
637,3,train
638,3,train
639,3,train
640,3,train
641,3,train
643,3,train
644,3,train
645,3,train
646,3,train
647,3,train
648,3,train
650,3,train
651,3,train
652,3,train
653,3,train
654,3,train
655,3,train
656,3,train
657,3,train
658,3,train
659,3,train
661,3,train
662,3,train
663,3,train
665,3,train
668,3,train
669,3,train
671,3,train
672,3,train
674,3,train
675,3,train
677,3,train
678,3,train
679,3,train
680,3,train
681,3,train
682,3,train
684,3,train
685,3,train
686,3,train
688,3,train
689,3,train
690,3,train
691,3,train
694,3,train
695,3,train
697,3,train
698,3,train
699,3,train
701,3,train
702,3,train
703,3,train
704,3,train
705,3,train
706,3,train
707,3,train
708,3,train
709,3,train
710,3,train
711,3,train
712,3,train
714,3,train
715,3,train
716,3,train
717,3,train
718,3,train
719,3,train
720,3,train
722,3,train
723,3,train
724,3,train
726,3,train
727,3,train
728,3,train
730,3,train
731,3,train
732,3,train
733,3,train
735,3,train
736,3,train
737,3,train
738,3,train
739,3,train
740,3,train
741,3,train
742,3,train
744,3,train
745,3,train
746,3,train
747,3,train
748,3,train
750,3,train
752,3,train
754,3,train
755,3,train
757,3,train
758,3,train
759,3,train
761,3,train
762,3,train
2,3,test
8,3,test
12,3,test
17,3,test
19,3,test
27,3,test
28,3,test
36,3,test
37,3,test
41,3,test
42,3,test
43,3,test
49,3,test
60,3,test
65,3,test
74,3,test
80,3,test
83,3,test
85,3,test
92,3,test
98,3,test
107,3,test
124,3,test
132,3,test
139,3,test
142,3,test
150,3,test
167,3,test
168,3,test
169,3,test
181,3,test
186,3,test
187,3,test
193,3,test
194,3,test
195,3,test
196,3,test
201,3,test
204,3,test
207,3,test
209,3,test
213,3,test
218,3,test
225,3,test
228,3,test
234,3,test
236,3,test
243,3,test
244,3,test
245,3,test
247,3,test
254,3,test
257,3,test
262,3,test
264,3,test
266,3,test
278,3,test
283,3,test
297,3,test
305,3,test
308,3,test
309,3,test
321,3,test
324,3,test
337,3,test
339,3,test
341,3,test
343,3,test
345,3,test
350,3,test
351,3,test
355,3,test
361,3,test
376,3,test
377,3,test
387,3,test
390,3,test
391,3,test
395,3,test
397,3,test
400,3,test
404,3,test
406,3,test
409,3,test
410,3,test
424,3,test
432,3,test
434,3,test
439,3,test
456,3,test
462,3,test
464,3,test
468,3,test
470,3,test
481,3,test
490,3,test
506,3,test
507,3,test
512,3,test
520,3,test
523,3,test
527,3,test
529,3,test
530,3,test
541,3,test
542,3,test
548,3,test
554,3,test
557,3,test
564,3,test
572,3,test
575,3,test
576,3,test
577,3,test
581,3,test
590,3,test
601,3,test
602,3,test
613,3,test
620,3,test
621,3,test
624,3,test
625,3,test
627,3,test
631,3,test
636,3,test
642,3,test
649,3,test
660,3,test
664,3,test
666,3,test
667,3,test
670,3,test
673,3,test
676,3,test
683,3,test
687,3,test
692,3,test
693,3,test
696,3,test
700,3,test
713,3,test
721,3,test
725,3,test
729,3,test
734,3,test
743,3,test
749,3,test
751,3,test
753,3,test
756,3,test
760,3,test
763,3,test
1,4,train
2,4,train
3,4,train
7,4,train
8,4,train
9,4,train
10,4,train
12,4,train
13,4,train
14,4,train
15,4,train
16,4,train
17,4,train
18,4,train
19,4,train
20,4,train
21,4,train
22,4,train
23,4,train
24,4,train
25,4,train
26,4,train
27,4,train
28,4,train
29,4,train
30,4,train
31,4,train
33,4,train
34,4,train
35,4,train
36,4,train
37,4,train
38,4,train
39,4,train
40,4,train
41,4,train
42,4,train
43,4,train
44,4,train
45,4,train
46,4,train
47,4,train
48,4,train
49,4,train
50,4,train
52,4,train
53,4,train
54,4,train
55,4,train
56,4,train
57,4,train
58,4,train
59,4,train
60,4,train
61,4,train
62,4,train
64,4,train
65,4,train
66,4,train
69,4,train
71,4,train
73,4,train
74,4,train
75,4,train
77,4,train
78,4,train
79,4,train
80,4,train
81,4,train
82,4,train
83,4,train
84,4,train
85,4,train
88,4,train
90,4,train
91,4,train
92,4,train
93,4,train
96,4,train
97,4,train
98,4,train
99,4,train
100,4,train
101,4,train
102,4,train
103,4,train
105,4,train
106,4,train
107,4,train
108,4,train
109,4,train
110,4,train
111,4,train
112,4,train
113,4,train
114,4,train
115,4,train
116,4,train
117,4,train
118,4,train
119,4,train
120,4,train
121,4,train
122,4,train
124,4,train
125,4,train
127,4,train
128,4,train
131,4,train
132,4,train
133,4,train
135,4,train
136,4,train
137,4,train
138,4,train
139,4,train
140,4,train
141,4,train
142,4,train
143,4,train
144,4,train
145,4,train
146,4,train
147,4,train
148,4,train
149,4,train
150,4,train
151,4,train
152,4,train
153,4,train
154,4,train
155,4,train
156,4,train
157,4,train
158,4,train
160,4,train
161,4,train
162,4,train
163,4,train
164,4,train
165,4,train
167,4,train
168,4,train
169,4,train
170,4,train
171,4,train
173,4,train
175,4,train
177,4,train
178,4,train
179,4,train
180,4,train
181,4,train
184,4,train
185,4,train
186,4,train
187,4,train
188,4,train
189,4,train
191,4,train
192,4,train
193,4,train
194,4,train
195,4,train
196,4,train
197,4,train
198,4,train
199,4,train
200,4,train
201,4,train
203,4,train
204,4,train
206,4,train
207,4,train
208,4,train
209,4,train
210,4,train
213,4,train
214,4,train
216,4,train
217,4,train
218,4,train
219,4,train
220,4,train
221,4,train
222,4,train
223,4,train
224,4,train
225,4,train
227,4,train
228,4,train
229,4,train
230,4,train
232,4,train
234,4,train
235,4,train
236,4,train
237,4,train
239,4,train
240,4,train
241,4,train
242,4,train
243,4,train
244,4,train
245,4,train
246,4,train
247,4,train
248,4,train
249,4,train
250,4,train
251,4,train
252,4,train
253,4,train
254,4,train
255,4,train
257,4,train
258,4,train
260,4,train
261,4,train
262,4,train
264,4,train
266,4,train
268,4,train
269,4,train
273,4,train
274,4,train
275,4,train
276,4,train
277,4,train
278,4,train
280,4,train
281,4,train
282,4,train
283,4,train
284,4,train
286,4,train
287,4,train
288,4,train
289,4,train
291,4,train
293,4,train
294,4,train
295,4,train
296,4,train
297,4,train
298,4,train
299,4,train
300,4,train
301,4,train
302,4,train
303,4,train
305,4,train
306,4,train
308,4,train
309,4,train
310,4,train
311,4,train
312,4,train
313,4,train
314,4,train
315,4,train
316,4,train
317,4,train
318,4,train
320,4,train
321,4,train
322,4,train
323,4,train
324,4,train
326,4,train
327,4,train
328,4,train
329,4,train
331,4,train
332,4,train
333,4,train
334,4,train
335,4,train
336,4,train
337,4,train
338,4,train
339,4,train
340,4,train
341,4,train
343,4,train
344,4,train
345,4,train
346,4,train
347,4,train
348,4,train
349,4,train
350,4,train
351,4,train
352,4,train
354,4,train
355,4,train
356,4,train
358,4,train
359,4,train
360,4,train
361,4,train
363,4,train
364,4,train
366,4,train
367,4,train
368,4,train
369,4,train
371,4,train
372,4,train
373,4,train
374,4,train
375,4,train
376,4,train
377,4,train
378,4,train
379,4,train
380,4,train
382,4,train
384,4,train
385,4,train
386,4,train
387,4,train
389,4,train
390,4,train
391,4,train
393,4,train
394,4,train
395,4,train
396,4,train
397,4,train
399,4,train
400,4,train
401,4,train
404,4,train
405,4,train
406,4,train
407,4,train
408,4,train
409,4,train
410,4,train
411,4,train
412,4,train
413,4,train
414,4,train
417,4,train
418,4,train
419,4,train
422,4,train
423,4,train
424,4,train
425,4,train
426,4,train
427,4,train
428,4,train
429,4,train
430,4,train
431,4,train
432,4,train
434,4,train
435,4,train
437,4,train
439,4,train
440,4,train
441,4,train
442,4,train
443,4,train
445,4,train
446,4,train
447,4,train
449,4,train
450,4,train
452,4,train
453,4,train
454,4,train
456,4,train
458,4,train
460,4,train
461,4,train
462,4,train
464,4,train
465,4,train
466,4,train
467,4,train
468,4,train
470,4,train
471,4,train
472,4,train
473,4,train
476,4,train
477,4,train
479,4,train
480,4,train
481,4,train
483,4,train
484,4,train
485,4,train
486,4,train
489,4,train
490,4,train
492,4,train
493,4,train
494,4,train
495,4,train
496,4,train
497,4,train
498,4,train
499,4,train
500,4,train
501,4,train
502,4,train
504,4,train
505,4,train
506,4,train
507,4,train
508,4,train
509,4,train
510,4,train
511,4,train
512,4,train
514,4,train
515,4,train
516,4,train
517,4,train
518,4,train
520,4,train
521,4,train
522,4,train
523,4,train
524,4,train
525,4,train
526,4,train
527,4,train
529,4,train
530,4,train
531,4,train
533,4,train
535,4,train
536,4,train
539,4,train
540,4,train
541,4,train
542,4,train
544,4,train
546,4,train
547,4,train
548,4,train
550,4,train
551,4,train
554,4,train
555,4,train
556,4,train
557,4,train
558,4,train
559,4,train
561,4,train
563,4,train
564,4,train
565,4,train
568,4,train
569,4,train
570,4,train
571,4,train
572,4,train
574,4,train
575,4,train
576,4,train
577,4,train
578,4,train
579,4,train
580,4,train
581,4,train
584,4,train
586,4,train
588,4,train
590,4,train
591,4,train
592,4,train
593,4,train
594,4,train
596,4,train
597,4,train
599,4,train
601,4,train
602,4,train
603,4,train
605,4,train
606,4,train
608,4,train
609,4,train
611,4,train
612,4,train
613,4,train
616,4,train
618,4,train
619,4,train
620,4,train
621,4,train
622,4,train
623,4,train
624,4,train
625,4,train
626,4,train
627,4,train
629,4,train
631,4,train
633,4,train
634,4,train
635,4,train
636,4,train
637,4,train
639,4,train
640,4,train
641,4,train
642,4,train
643,4,train
644,4,train
646,4,train
647,4,train
648,4,train
649,4,train
650,4,train
651,4,train
652,4,train
654,4,train
655,4,train
656,4,train
658,4,train
659,4,train
660,4,train
661,4,train
662,4,train
663,4,train
664,4,train
665,4,train
666,4,train
667,4,train
668,4,train
669,4,train
670,4,train
671,4,train
672,4,train
673,4,train
674,4,train
675,4,train
676,4,train
677,4,train
678,4,train
679,4,train
680,4,train
681,4,train
682,4,train
683,4,train
686,4,train
687,4,train
688,4,train
689,4,train
690,4,train
692,4,train
693,4,train
694,4,train
696,4,train
698,4,train
699,4,train
700,4,train
701,4,train
703,4,train
704,4,train
705,4,train
706,4,train
707,4,train
708,4,train
709,4,train
710,4,train
711,4,train
713,4,train
714,4,train
715,4,train
718,4,train
719,4,train
721,4,train
722,4,train
723,4,train
725,4,train
726,4,train
727,4,train
729,4,train
732,4,train
733,4,train
734,4,train
735,4,train
737,4,train
738,4,train
739,4,train
740,4,train
741,4,train
743,4,train
744,4,train
746,4,train
747,4,train
749,4,train
751,4,train
752,4,train
753,4,train
754,4,train
755,4,train
756,4,train
758,4,train
759,4,train
760,4,train
761,4,train
762,4,train
763,4,train
0,4,test
4,4,test
5,4,test
6,4,test
11,4,test
32,4,test
51,4,test
63,4,test
67,4,test
68,4,test
70,4,test
72,4,test
76,4,test
86,4,test
87,4,test
89,4,test
94,4,test
95,4,test
104,4,test
123,4,test
126,4,test
129,4,test
130,4,test
134,4,test
159,4,test
166,4,test
172,4,test
174,4,test
176,4,test
182,4,test
183,4,test
190,4,test
202,4,test
205,4,test
211,4,test
212,4,test
215,4,test
226,4,test
231,4,test
233,4,test
238,4,test
256,4,test
259,4,test
263,4,test
265,4,test
267,4,test
270,4,test
271,4,test
272,4,test
279,4,test
285,4,test
290,4,test
292,4,test
304,4,test
307,4,test
319,4,test
325,4,test
330,4,test
342,4,test
353,4,test
357,4,test
362,4,test
365,4,test
370,4,test
381,4,test
383,4,test
388,4,test
392,4,test
398,4,test
402,4,test
403,4,test
415,4,test
416,4,test
420,4,test
421,4,test
433,4,test
436,4,test
438,4,test
444,4,test
448,4,test
451,4,test
455,4,test
457,4,test
459,4,test
463,4,test
469,4,test
474,4,test
475,4,test
478,4,test
482,4,test
487,4,test
488,4,test
491,4,test
503,4,test
513,4,test
519,4,test
528,4,test
532,4,test
534,4,test
537,4,test
538,4,test
543,4,test
545,4,test
549,4,test
552,4,test
553,4,test
560,4,test
562,4,test
566,4,test
567,4,test
573,4,test
582,4,test
583,4,test
585,4,test
587,4,test
589,4,test
595,4,test
598,4,test
600,4,test
604,4,test
607,4,test
610,4,test
614,4,test
615,4,test
617,4,test
628,4,test
630,4,test
632,4,test
638,4,test
645,4,test
653,4,test
657,4,test
684,4,test
685,4,test
691,4,test
695,4,test
697,4,test
702,4,test
712,4,test
716,4,test
717,4,test
720,4,test
724,4,test
728,4,test
730,4,test
731,4,test
736,4,test
742,4,test
745,4,test
748,4,test
750,4,test
757,4,test
